,Churn
0,1
1,0
2,0
3,1
4,0
5,1
6,0
7,0
8,0
9,0
10,0
11,1
12,0
13,1
14,0
15,1
16,1
17,1
18,1
19,1
20,1
21,0
22,1
23,0
24,0
25,1
26,1
27,0
28,1
29,0
30,1
31,0
32,0
33,0
34,0
35,0
36,0
37,1
38,1
39,1
40,1
41,1
42,1
43,0
44,1
45,0
46,1
47,1
48,1
49,0
50,0
51,0
52,0
53,0
54,0
55,0
56,0
57,1
58,0
59,1
60,0
61,1
62,0
63,0
64,1
65,0
66,0
67,0
68,0
69,0
70,1
71,0
72,1
73,1
74,1
75,0
76,0
77,1
78,0
79,0
80,1
81,1
82,0
83,1
84,0
85,1
86,0
87,1
88,0
89,0
90,1
91,0
92,1
93,0
94,0
95,0
96,1
97,0
98,1
99,0
100,1
101,1
102,0
103,0
104,0
105,1
106,0
107,0
108,1
109,0
110,1
111,0
112,0
113,1
114,0
115,0
116,0
117,1
118,1
119,0
120,0
121,0
122,0
123,1
124,0
125,0
126,1
127,1
128,0
129,1
130,0
131,1
132,1
133,1
134,0
135,0
136,1
137,0
138,0
139,1
140,1
141,0
142,1
143,1
144,0
145,0
146,0
147,1
148,0
149,0
150,0
151,0
152,1
153,1
154,1
155,0
156,0
157,1
158,0
159,0
160,1
161,1
162,1
163,0
164,0
165,1
166,1
167,0
168,0
169,0
170,0
171,0
172,0
173,0
174,0
175,1
176,0
177,0
178,1
179,0
180,1
181,0
182,1
183,0
184,0
185,0
186,1
187,1
188,1
189,0
190,1
191,0
192,0
193,0
194,1
195,0
196,1
197,0
198,0
199,0
200,1
201,0
202,0
203,0
204,0
205,0
206,0
207,1
208,1
209,0
210,0
211,0
212,1
213,1
214,1
215,0
216,0
217,0
218,0
219,0
220,1
221,1
222,0
223,0
224,0
225,0
226,0
227,0
228,1
229,1
230,0
231,0
232,1
233,0
234,1
235,0
236,1
237,0
238,1
239,0
240,0
241,0
242,1
243,0
244,0
245,0
246,1
247,1
248,0
249,1
250,1
251,1
252,0
253,0
254,1
255,1
256,0
257,0
258,0
259,0
260,0
261,0
262,0
263,1
264,0
265,0
266,0
267,0
268,0
269,0
270,0
271,1
272,1
273,0
274,0
275,0
276,1
277,0
278,0
279,0
280,0
281,0
282,0
283,0
284,0
285,1
286,1
287,1
288,1
289,0
290,0
291,0
292,0
293,0
294,0
295,1
296,0
297,1
298,1
299,1
300,1
301,1
302,0
303,1
304,0
305,0
306,0
307,0
308,1
309,1
310,1
311,0
312,0
313,0
314,0
315,1
316,0
317,0
318,1
319,0
320,1
321,0
322,1
323,0
324,1
325,0
326,0
327,0
328,0
329,0
330,1
331,0
332,1
333,1
334,0
335,0
336,1
337,1
338,1
339,0
340,0
341,0
342,0
343,1
344,1
345,0
346,1
347,0
348,0
349,0
350,1
351,1
352,0
353,1
354,0
355,0
356,0
357,0
358,1
359,1
360,0
361,1
362,0
363,0
364,0
365,1
366,0
367,1
368,0
369,1
370,0
371,1
372,1
373,1
374,1
375,0
376,0
377,0
378,1
379,1
380,1
381,0
382,0
383,1
384,0
385,1
386,1
387,0
388,1
389,0
390,0
391,0
392,1
393,1
394,0
395,1
396,1
397,1
398,0
399,1
400,1
401,1
402,0
403,0
404,0
405,0
406,0
407,0
408,1
409,1
410,0
411,1
412,1
413,1
414,0
415,1
416,1
417,1
418,1
419,1
420,0
421,1
422,0
423,0
424,1
425,1
426,0
427,0
428,1
429,1
430,0
431,1
432,0
433,0
434,0
435,1
436,0
437,0
438,1
439,0
440,0
441,0
442,1
443,0
444,0
445,1
446,0
447,0
448,0
449,1
450,0
451,0
452,0
453,1
454,1
455,0
456,1
457,0
458,1
459,1
460,0
461,1
462,0
463,0
464,0
465,1
466,1
467,1
468,1
469,0
470,1
471,0
472,0
473,0
474,1
475,0
476,1
477,1
478,0
479,1
480,1
481,1
482,1
483,0
484,1
485,0
486,0
487,0
488,0
489,0
490,1
491,0
492,0
493,1
494,1
495,0
496,1
497,1
498,0
499,0
500,0
501,0
502,1
503,0
504,1
505,0
506,1
507,1
508,1
509,1
510,0
511,0
512,1
513,1
514,0
515,0
516,0
517,0
518,1
519,1
520,1
521,0
522,0
523,0
524,0
525,0
526,0
527,0
528,0
529,1
530,1
531,0
532,1
533,1
534,0
535,1
536,1
537,0
538,0
539,1
540,1
541,0
542,0
543,1
544,0
545,1
546,0
547,0
548,0
549,1
550,0
551,1
552,0
553,1
554,0
555,1
556,0
557,0
558,1
559,0
560,1
561,0
562,0
563,0
564,1
565,0
566,0
567,0
568,1
569,1
570,0
571,0
572,1
573,0
574,0
575,1
576,0
577,1
578,0
579,0
580,0
581,1
582,0
583,1
584,0
585,1
586,0
587,0
588,1
589,1
590,1
591,0
592,1
593,0
594,1
595,0
596,0
597,1
598,1
599,1
600,1
601,0
602,0
603,1
604,1
605,1
606,0
607,1
608,1
609,0
610,1
611,0
612,0
613,0
614,1
615,0
616,1
617,1
618,1
619,0
620,1
621,0
622,1
623,1
624,0
625,0
626,1
627,0
628,0
629,1
630,0
631,0
632,1
633,0
634,0
635,0
636,1
637,1
638,1
639,1
640,0
641,1
642,1
643,0
644,0
645,1
646,1
647,0
648,1
649,0
650,0
651,1
652,0
653,0
654,0
655,1
656,0
657,0
658,1
659,1
660,0
661,0
662,0
663,0
664,1
665,1
666,0
667,1
668,1
669,1
670,0
671,0
672,0
673,0
674,1
675,0
676,0
677,0
678,1
679,1
680,1
681,1
682,0
683,1
684,0
685,0
686,0
687,1
688,1
689,0
690,0
691,0
692,1
693,1
694,1
695,1
696,0
697,0
698,0
699,0
700,0
701,1
702,0
703,1
704,0
705,0
706,0
707,1
708,1
709,0
710,1
711,1
712,0
713,0
714,0
715,0
716,0
717,0
718,1
719,0
720,1
721,1
722,1
723,0
724,0
725,0
726,1
727,1
728,1
729,0
730,1
731,1
732,1
733,0
734,0
735,1
736,0
737,0
738,0
739,1
740,0
741,0
742,1
743,1
744,1
745,0
746,1
747,0
748,0
749,1
750,0
751,0
752,0
753,0
754,0
755,1
756,0
757,1
758,0
759,1
760,0
761,0
762,0
763,1
764,0
765,0
766,0
767,1
768,0
769,0
770,0
771,0
772,1
773,1
774,1
775,0
776,1
777,1
778,0
779,1
780,0
781,1
782,1
783,0
784,1
785,0
786,1
787,1
788,0
789,1
790,1
791,1
792,0
793,0
794,0
795,1
796,0
797,0
798,1
799,0
800,0
801,0
802,0
803,1
804,0
805,0
806,1
807,0
808,0
809,1
810,0
811,0
812,1
813,0
814,1
815,0
816,1
817,0
818,0
819,0
820,1
821,0
822,1
823,1
824,1
825,1
826,0
827,0
828,0
829,0
830,0
831,0
832,0
833,0
834,1
835,1
836,1
837,1
838,0
839,0
840,0
841,0
842,0
843,0
844,1
845,0
846,0
847,0
848,1
849,0
850,0
851,0
852,0
853,1
854,0
855,0
856,1
857,1
858,1
859,1
860,0
861,1
862,0
863,1
864,0
865,0
866,1
867,1
868,0
869,0
870,1
871,1
872,0
873,1
874,0
875,1
876,1
877,1
878,1
879,0
880,0
881,0
882,0
883,1
884,0
885,1
886,0
887,1
888,1
889,0
890,1
891,0
892,0
893,0
894,0
895,0
896,0
897,0
898,1
899,0
900,1
901,0
902,0
903,1
904,0
905,0
906,0
907,0
908,0
909,1
910,0
911,0
912,0
913,1
914,0
915,1
916,0
917,1
918,1
919,0
920,1
921,1
922,0
923,0
924,0
925,0
926,1
927,0
928,1
929,0
930,1
931,0
932,0
933,0
934,1
935,0
936,1
937,0
938,0
939,0
940,0
941,0
942,0
943,1
944,0
945,1
946,0
947,0
948,1
949,0
950,0
951,0
952,1
953,0
954,0
955,0
956,0
957,0
958,1
959,1
960,1
961,0
962,1
963,1
964,1
965,0
966,1
967,0
968,0
969,0
970,1
971,0
972,1
973,1
974,0
975,1
976,0
977,0
978,1
979,0
980,1
981,1
982,1
983,0
984,0
985,0
986,1
987,0
988,1
989,0
990,1
991,1
992,0
993,0
994,1
995,0
996,1
997,1
998,0
999,0
1000,0
1001,0
1002,1
1003,0
1004,0
1005,1
1006,1
1007,1
1008,1
1009,0
1010,0
1011,1
1012,0
1013,1
1014,1
1015,1
1016,0
1017,0
1018,1
1019,0
1020,1
1021,1
1022,0
1023,1
1024,0
1025,1
1026,0
1027,0
1028,0
1029,0
1030,0
1031,1
1032,0
1033,1
1034,1
1035,1
1036,1
1037,1
1038,1
1039,1
1040,1
1041,1
1042,0
1043,1
1044,0
1045,0
1046,1
1047,1
1048,1
1049,0
1050,0
1051,0
1052,1
1053,0
1054,1
1055,0
1056,0
1057,0
1058,1
1059,1
1060,1
1061,1
1062,0
1063,1
1064,1
1065,0
1066,1
1067,0
1068,0
1069,1
1070,0
1071,1
1072,1
1073,1
1074,0
1075,1
1076,1
1077,0
1078,0
1079,0
1080,1
1081,1
1082,0
1083,1
1084,1
1085,1
1086,0
1087,0
1088,1
1089,0
1090,0
1091,0
1092,1
1093,1
1094,0
1095,0
1096,1
1097,1
1098,0
1099,0
1100,1
1101,1
1102,0
1103,1
1104,0
1105,1
1106,1
1107,0
1108,0
1109,1
1110,1
1111,1
1112,1
1113,0
1114,0
1115,0
1116,0
1117,1
1118,1
1119,1
1120,0
1121,1
1122,0
1123,0
1124,1
1125,0
1126,0
1127,1
1128,0
1129,0
1130,0
1131,1
1132,0
1133,0
1134,1
1135,1
1136,0
1137,0
1138,1
1139,0
1140,0
1141,1
1142,0
1143,0
1144,1
1145,1
1146,0
1147,1
1148,0
1149,1
1150,1
1151,1
1152,0
1153,0
1154,1
1155,1
1156,1
1157,0
1158,0
1159,0
1160,1
1161,0
1162,1
1163,1
1164,0
1165,0
1166,0
1167,0
1168,0
1169,1
1170,1
1171,0
1172,0
1173,1
1174,1
1175,1
1176,0
1177,0
1178,0
1179,1
1180,1
1181,1
1182,0
1183,0
1184,0
1185,0
1186,1
1187,1
1188,0
1189,0
1190,1
1191,0
1192,1
1193,0
1194,1
1195,0
1196,0
1197,1
1198,1
1199,0
1200,1
1201,0
1202,0
1203,1
1204,1
1205,0
1206,0
1207,0
1208,1
1209,1
1210,0
1211,0
1212,0
1213,0
1214,0
1215,1
1216,1
1217,1
1218,0
1219,0
1220,0
1221,1
1222,0
1223,0
1224,0
1225,0
1226,1
1227,0
1228,1
1229,0
1230,0
1231,0
1232,0
1233,1
1234,0
1235,1
1236,0
1237,1
1238,0
1239,0
1240,1
1241,0
1242,1
1243,0
1244,1
1245,0
1246,1
1247,1
1248,0
1249,1
1250,0
1251,1
1252,0
1253,0
1254,0
1255,1
1256,0
1257,0
1258,1
1259,0
1260,1
1261,0
1262,0
1263,0
1264,0
1265,1
1266,0
1267,0
1268,0
1269,1
1270,1
1271,0
1272,0
1273,0
1274,0
1275,0
1276,0
1277,1
1278,0
1279,0
1280,0
1281,0
1282,1
1283,1
1284,0
1285,0
1286,0
1287,0
1288,1
1289,1
1290,1
1291,0
1292,1
1293,1
1294,1
1295,1
1296,1
1297,1
1298,1
1299,0
1300,0
1301,1
1302,1
1303,1
1304,0
1305,0
1306,0
1307,1
1308,0
1309,1
1310,0
1311,0
1312,0
1313,0
1314,1
1315,1
1316,1
1317,1
1318,0
1319,0
1320,0
1321,0
1322,1
1323,1
1324,0
1325,1
1326,0
1327,0
1328,0
1329,0
1330,1
1331,0
1332,0
1333,0
1334,0
1335,0
1336,0
1337,1
1338,0
1339,0
1340,0
1341,1
1342,1
1343,1
1344,0
1345,1
1346,0
1347,1
1348,1
1349,1
1350,0
1351,1
1352,0
1353,0
1354,0
1355,1
1356,0
1357,1
1358,1
1359,0
1360,0
1361,0
1362,0
1363,0
1364,0
1365,1
1366,0
1367,1
1368,1
1369,0
1370,0
1371,0
1372,1
1373,1
1374,0
1375,0
1376,0
1377,1
1378,0
1379,1
1380,0
1381,0
1382,1
1383,1
1384,0
1385,1
1386,1
1387,1
1388,0
1389,0
1390,0
1391,0
1392,1
1393,0
1394,1
1395,0
1396,0
1397,0
1398,1
1399,1
1400,0
1401,1
1402,0
1403,0
1404,0
1405,0
1406,0
1407,0
1408,1
1409,0
1410,0
1411,1
1412,1
1413,0
1414,1
1415,0
1416,0
1417,1
1418,0
1419,1
1420,0
1421,0
1422,0
1423,0
1424,0
1425,0
1426,0
1427,0
1428,0
1429,1
1430,0
1431,0
1432,0
1433,0
1434,0
1435,1
1436,1
1437,0
1438,0
1439,1
1440,1
1441,0
1442,1
1443,0
1444,0
1445,1
1446,0
1447,0
1448,0
1449,0
1450,0
1451,0
1452,0
1453,1
1454,0
1455,1
1456,1
1457,0
1458,1
1459,0
1460,1
1461,0
1462,0
1463,1
1464,0
1465,1
1466,0
1467,0
1468,1
1469,0
1470,0
1471,0
1472,0
1473,1
1474,0
1475,0
1476,1
1477,0
1478,1
1479,0
1480,1
1481,0
1482,0
1483,1
1484,1
1485,1
1486,0
1487,1
1488,1
1489,0
1490,0
1491,1
1492,0
1493,1
1494,1
1495,0
1496,0
1497,1
1498,1
1499,0
1500,1
1501,1
1502,1
1503,0
1504,1
1505,1
1506,1
1507,0
1508,0
1509,1
1510,0
1511,0
1512,0
1513,0
1514,0
1515,1
1516,1
1517,1
1518,0
1519,1
1520,1
1521,1
1522,0
1523,1
1524,1
1525,1
1526,1
1527,0
1528,1
1529,0
1530,1
1531,1
1532,1
1533,1
1534,1
1535,1
1536,1
1537,1
1538,0
1539,1
1540,0
1541,1
1542,0
1543,0
1544,1
1545,0
1546,0
1547,0
1548,0
1549,0
1550,0
1551,1
1552,1
1553,1
1554,1
1555,1
1556,1
1557,0
1558,1
1559,1
1560,0
1561,0
1562,0
1563,0
1564,1
1565,0
1566,1
1567,0
1568,1
1569,1
1570,0
1571,0
1572,0
1573,0
1574,0
1575,0
1576,0
1577,0
1578,1
1579,1
1580,0
1581,0
1582,1
1583,0
1584,0
1585,0
1586,1
1587,0
1588,0
1589,0
1590,1
1591,0
1592,1
1593,1
1594,0
1595,0
1596,1
1597,0
1598,1
1599,0
1600,0
1601,0
1602,1
1603,1
1604,0
1605,1
1606,1
1607,0
1608,0
1609,1
1610,0
1611,1
1612,1
1613,0
1614,1
1615,1
1616,0
1617,0
1618,1
1619,0
1620,0
1621,1
1622,0
1623,0
1624,0
1625,0
1626,0
1627,0
1628,0
1629,0
1630,0
1631,0
1632,0
1633,0
1634,1
1635,1
1636,0
1637,0
1638,0
1639,0
1640,0
1641,0
1642,1
1643,1
1644,0
1645,0
1646,0
1647,1
1648,1
1649,0
1650,0
1651,1
1652,0
1653,0
1654,1
1655,1
1656,0
1657,0
1658,1
1659,0
1660,1
1661,0
1662,0
1663,1
1664,0
1665,0
1666,0
1667,1
1668,0
1669,0
1670,1
1671,0
1672,1
1673,0
1674,1
1675,0
1676,1
1677,0
1678,1
1679,0
1680,1
1681,0
1682,1
1683,1
1684,1
1685,0
1686,1
1687,0
1688,1
1689,0
1690,0
1691,0
1692,0
1693,0
1694,0
1695,1
1696,1
1697,1
1698,1
1699,1
1700,0
1701,0
1702,1
1703,0
1704,1
1705,0
1706,0
1707,0
1708,0
1709,0
1710,1
1711,0
1712,0
1713,0
1714,1
1715,1
1716,0
1717,1
1718,0
1719,0
1720,0
1721,0
1722,1
1723,0
1724,0
1725,1
1726,1
1727,1
1728,0
1729,0
1730,0
1731,1
1732,1
1733,0
1734,1
1735,0
1736,1
1737,0
1738,0
1739,0
1740,1
1741,0
1742,1
1743,0
1744,1
1745,1
1746,0
1747,1
1748,0
1749,0
1750,0
1751,0
1752,0
1753,1
1754,0
1755,1
1756,1
1757,1
1758,0
1759,1
1760,0
1761,1
1762,1
1763,0
1764,1
1765,1
1766,1
1767,0
1768,0
1769,0
1770,1
1771,0
1772,0
1773,0
1774,0
1775,0
1776,1
1777,0
1778,1
1779,1
1780,1
1781,1
1782,0
1783,1
1784,0
1785,0
1786,1
1787,0
1788,0
1789,1
1790,1
1791,0
1792,0
1793,0
1794,0
1795,1
1796,1
1797,1
1798,0
1799,1
1800,0
1801,1
1802,0
1803,0
1804,1
1805,0
1806,0
1807,0
1808,0
1809,1
1810,0
1811,1
1812,0
1813,0
1814,0
1815,0
1816,0
1817,0
1818,1
1819,1
1820,0
1821,0
1822,0
1823,0
1824,0
1825,0
1826,1
1827,1
1828,1
1829,1
1830,1
1831,1
1832,0
1833,0
1834,1
1835,1
1836,0
1837,1
1838,0
1839,0
1840,0
1841,1
1842,0
1843,1
1844,0
1845,0
1846,0
1847,0
1848,1
1849,0
1850,1
1851,1
1852,0
1853,0
1854,0
1855,1
1856,1
1857,0
1858,0
1859,1
1860,0
1861,0
1862,1
1863,0
1864,1
1865,1
1866,0
1867,0
1868,0
1869,1
1870,1
1871,1
1872,0
1873,0
1874,1
1875,0
1876,0
1877,0
1878,0
1879,0
1880,0
1881,0
1882,0
1883,0
1884,0
1885,1
1886,1
1887,0
1888,1
1889,0
1890,0
1891,1
1892,1
1893,0
1894,0
1895,0
1896,1
1897,1
1898,1
1899,1
1900,0
1901,1
1902,1
1903,0
1904,0
1905,1
1906,1
1907,0
1908,1
1909,0
1910,0
1911,0
1912,1
1913,0
1914,0
1915,0
1916,0
1917,0
1918,1
1919,0
1920,0
1921,1
1922,1
1923,0
1924,0
1925,0
1926,0
1927,0
1928,1
1929,1
1930,0
1931,1
1932,1
1933,0
1934,1
1935,0
1936,1
1937,0
1938,1
1939,1
1940,0
1941,0
1942,0
1943,1
1944,0
1945,1
1946,1
1947,0
1948,0
1949,0
1950,0
1951,0
1952,0
1953,0
1954,0
1955,0
1956,0
1957,0
1958,0
1959,1
1960,0
1961,0
1962,1
1963,1
1964,0
1965,0
1966,1
1967,1
1968,0
1969,0
1970,0
1971,0
1972,0
1973,0
1974,1
1975,0
1976,0
1977,1
1978,1
1979,0
1980,1
1981,0
1982,0
1983,0
1984,0
1985,1
1986,0
1987,1
1988,0
1989,1
1990,1
1991,1
1992,1
1993,0
1994,0
1995,0
1996,1
1997,1
1998,0
1999,0
2000,0
2001,1
2002,0
2003,1
2004,1
2005,1
2006,1
2007,1
2008,0
2009,0
2010,1
2011,0
2012,0
2013,0
2014,0
2015,1
2016,0
2017,0
2018,1
2019,1
2020,0
2021,1
2022,0
2023,0
2024,1
2025,0
2026,1
2027,1
2028,0
2029,0
2030,0
2031,1
2032,0
2033,0
2034,0
2035,1
2036,1
2037,1
2038,0
2039,0
2040,0
2041,1
2042,1
2043,0
2044,1
2045,0
2046,1
2047,0
2048,0
2049,1
2050,0
2051,1
2052,1
2053,0
2054,1
2055,1
2056,0
2057,0
2058,0
2059,1
2060,1
2061,0
2062,0
2063,1
2064,0
2065,1
2066,0
2067,0
2068,1
2069,0
2070,1
2071,1
2072,0
2073,0
2074,0
2075,1
2076,0
2077,1
2078,0
2079,1
2080,0
2081,0
2082,0
2083,1
2084,1
2085,0
2086,1
2087,1
2088,1
2089,1
2090,0
2091,1
2092,0
2093,1
2094,1
2095,0
2096,1
2097,0
2098,1
2099,1
2100,0
2101,1
2102,1
2103,0
2104,1
2105,0
2106,1
2107,0
2108,1
2109,1
2110,0
2111,1
2112,0
